rsi_oversold,rsi_buy_exit,rsi_overbought,rsi_sell_exit,golden_cross,ma_short,total_trades,win_rate,total_invested,total_profit,total_return,max_water
40,45,80,50,OFF,50,7,100.0,50000,22158.958288963782,44.31791657792756,29
40,45,80,50,OFF,40,7,100.0,50000,22158.958288963782,44.31791657792756,29
40,45,80,45,OFF,50,7,100.0,50000,21958.69640947747,43.917392818954944,29
40,45,80,45,OFF,40,7,100.0,50000,21958.69640947747,43.917392818954944,29
40,45,80,55,OFF,50,7,100.0,50000,20727.00492432747,41.45400984865494,29
40,45,80,55,OFF,40,7,100.0,50000,20727.00492432747,41.45400984865494,29
40,45,80,40,OFF,40,7,100.0,50000,19933.09672357386,39.86619344714772,29
40,45,80,40,OFF,50,7,100.0,50000,19933.09672357386,39.86619344714772,29
35,40,80,50,OFF,40,7,100.0,33000,16558.793602158577,50.178162430783566,14
35,40,80,50,OFF,50,7,100.0,33000,16558.793602158577,50.178162430783566,14
35,40,80,45,OFF,40,7,100.0,33000,16543.96698467261,50.1332332868867,14
35,40,80,45,OFF,50,7,100.0,33000,16543.96698467261,50.1332332868867,14
40,45,80,50,ON,40,6,100.0,40000,16383.068053448089,40.95767013362022,22
40,45,80,45,ON,40,6,100.0,40000,15999.44118675922,39.99860296689805,22
40,45,80,50,ON,50,6,100.0,39000,15728.130116486747,40.32853876022243,21
40,45,80,45,ON,50,6,100.0,39000,15356.902623675198,39.37667339403897,21
35,40,80,40,OFF,50,7,100.0,33000,15145.74536755552,45.896198083501574,14
35,40,80,40,OFF,40,7,100.0,33000,15145.74536755552,45.896198083501574,14
35,40,80,55,OFF,40,7,100.0,33000,15135.213037668555,45.86428193232896,14
35,40,80,55,OFF,50,7,100.0,33000,15135.213037668555,45.86428193232896,14
40,45,80,55,ON,40,6,100.0,40000,14649.576623570847,36.62394155892712,22
40,45,80,40,ON,40,6,100.0,40000,14341.762933155422,35.854407332888556,22
40,45,80,55,ON,50,6,100.0,39000,14000.028818189192,35.897509790228696,21
35,40,80,45,ON,50,6,100.0,29000,13890.867602966224,47.89954345850422,13
40,45,80,40,ON,50,6,100.0,39000,13734.916930963325,35.21773572041878,21
35,40,80,45,ON,40,6,100.0,28000,13365.133846034041,47.732620878693005,12
35,45,80,45,OFF,50,7,100.0,27000,13268.457086609176,49.14243365410806,12
35,45,80,45,OFF,40,7,100.0,27000,13268.457086609176,49.14243365410806,12
35,45,80,50,OFF,40,7,100.0,27000,13264.756680652998,49.12872844686295,12
35,45,80,50,OFF,50,7,100.0,27000,13264.756680652998,49.12872844686295,12
35,40,80,50,ON,50,7,100.0,29000,12966.613264786847,44.71245953374775,13
35,40,80,40,ON,50,6,100.0,29000,12667.66550343543,43.6816051842601,13
35,40,80,50,ON,40,7,100.0,28000,12420.400399641652,44.358572855863045,12
40,45,75,50,OFF,40,14,100.0,55000,12357.612184364192,22.468385789753075,11
40,45,75,50,OFF,50,14,100.0,55000,12357.612184364192,22.468385789753075,11
35,40,80,40,ON,40,6,100.0,28000,12176.35156981487,43.486969892195965,12
35,45,80,55,OFF,40,7,100.0,27000,12128.860476446138,44.921705468319026,12
35,45,80,55,OFF,50,7,100.0,27000,12128.860476446138,44.921705468319026,12
35,45,80,40,OFF,50,7,100.0,27000,12024.793903436359,44.536273716430955,12
35,45,80,40,OFF,40,7,100.0,27000,12024.793903436359,44.536273716430955,12
35,40,80,55,ON,50,7,100.0,29000,11519.863020176086,39.723665586814086,13
40,45,75,45,OFF,50,14,100.0,55000,11481.186265088514,20.874884118342756,11
40,45,75,45,OFF,40,14,100.0,55000,11481.186265088514,20.874884118342756,11
40,45,75,55,OFF,50,14,100.0,55000,10996.12830702236,19.99296055822247,11
40,45,75,55,OFF,40,14,100.0,55000,10996.12830702236,19.99296055822247,11
35,40,80,55,ON,40,7,100.0,28000,10973.860168853644,39.19235774590587,12
40,45,75,50,ON,40,11,100.0,43000,10642.599961613958,24.75023246886967,9
40,45,75,40,OFF,50,12,100.0,50000,10471.955660204081,20.943911320408162,13
40,45,75,40,OFF,40,12,100.0,50000,10471.955660204081,20.943911320408162,13
35,45,80,50,ON,40,6,100.0,23000,10285.539858819011,44.719738516604394,10
35,45,80,50,ON,50,6,100.0,23000,10203.725355124716,44.364023283150935,10
35,45,80,45,ON,40,6,100.0,23000,10137.60542157085,44.076545311177604,10
35,45,80,45,ON,50,6,100.0,23000,10057.610249406407,43.728740214810465,10
40,45,70,50,OFF,50,20,100.0,55000,9875.880827107067,17.956146958376486,8
40,45,70,50,OFF,40,20,100.0,55000,9875.880827107067,17.956146958376486,8
40,45,75,45,ON,40,11,100.0,43000,9783.080925781249,22.75135099018895,9
40,45,70,45,OFF,40,20,100.0,55000,9660.910059060001,17.565291016472727,8
40,45,70,45,OFF,50,20,100.0,55000,9660.910059060001,17.565291016472727,8
40,45,75,45,ON,50,11,100.0,42000,9542.960929606794,22.72133554668284,8
35,40,75,50,OFF,40,13,100.0,37000,9243.88917875667,24.98348426690992,6
35,40,75,50,OFF,50,13,100.0,37000,9243.88917875667,24.98348426690992,6
40,45,75,50,ON,50,12,100.0,42000,9111.323859358832,21.69362823656865,8
35,45,80,40,ON,40,6,100.0,23000,9063.965763942462,39.408546799749836,10
40,45,75,55,ON,40,11,100.0,43000,9013.934133872131,20.962637520632864,9
35,45,80,40,ON,50,6,100.0,23000,8985.084798446187,39.065586080200816,10
40,45,70,50,ON,40,15,100.0,43000,8854.947719302589,20.592901672796717,9
35,45,80,55,ON,40,6,100.0,23000,8853.65860082206,38.49416782966113,10
40,45,65,45,OFF,50,24,100.0,55000,8846.243680011457,16.08407941820265,6
40,45,65,45,OFF,40,24,100.0,55000,8846.243680011457,16.08407941820265,6
35,45,80,55,ON,50,6,100.0,23000,8777.23422870745,38.161887950901956,10
40,45,70,40,OFF,50,18,100.0,50000,8761.855013737919,17.52371002747584,13
40,45,70,40,OFF,40,18,100.0,50000,8761.855013737919,17.52371002747584,13
35,40,75,45,OFF,50,13,100.0,37000,8760.64591883882,23.677421402267083,6
35,40,75,45,OFF,40,13,100.0,37000,8760.64591883882,23.677421402267083,6
35,40,75,45,ON,50,11,100.0,33000,8667.073330005553,26.2638585757744,5
35,40,75,45,ON,40,11,100.0,32000,8544.55248248858,26.70172650777681,5
40,45,75,40,ON,40,10,100.0,40000,8401.016260734497,21.00254065183624,9
40,45,65,50,OFF,40,24,100.0,55000,8324.999373945111,15.13636249808202,6
40,45,65,50,OFF,50,24,100.0,55000,8324.999373945111,15.13636249808202,6
40,45,70,45,ON,40,15,100.0,43000,8304.145834701207,19.31196705744467,9
40,45,75,40,ON,50,10,100.0,39000,8155.212054081714,20.910800138671064,8
40,45,65,40,OFF,40,20,100.0,50000,8095.684688026127,16.191369376052258,13
40,45,65,40,OFF,50,20,100.0,50000,8095.684688026127,16.191369376052258,13
40,45,70,45,ON,50,15,100.0,42000,8064.025838526752,19.20006152030179,8
35,40,70,45,OFF,40,16,100.0,37000,8041.334149538705,21.733335539293797,6
35,40,70,45,OFF,50,16,100.0,37000,8041.334149538705,21.733335539293797,6
35,40,70,45,ON,50,13,100.0,33000,7920.23053382599,24.000698587351486,5
35,40,75,55,OFF,40,13,100.0,37000,7852.709598377772,21.22353945507506,6
35,40,75,55,OFF,50,13,100.0,37000,7852.709598377772,21.22353945507506,6
35,40,70,45,ON,40,13,100.0,32000,7797.709686309021,24.367842769715693,5
35,40,75,50,ON,50,12,100.0,33000,7728.358097025498,23.419266960683327,5
35,40,75,50,ON,40,12,100.0,32000,7537.992497273081,23.55622655397838,5
40,45,70,55,ON,40,15,100.0,43000,7525.105602857605,17.50024558804094,9
40,45,65,45,ON,40,18,100.0,43000,7487.937220675349,17.41380748994267,5
40,45,75,55,ON,50,12,100.0,42000,7418.182909816083,17.662340261466866,8
40,45,70,50,ON,50,16,100.0,42000,7323.671617047464,17.43731337392253,7
40,45,70,55,OFF,50,20,100.0,55000,7318.038982264196,13.305525422298539,8
40,45,70,55,OFF,40,20,100.0,55000,7318.038982264196,13.305525422298539,8
35,40,75,40,ON,50,10,100.0,29000,7275.682638360182,25.08856082193166,5
40,45,65,45,ON,50,18,100.0,42000,7247.817224500895,17.256707677383083,5
35,45,75,50,OFF,40,13,100.0,30000,7204.122362912983,24.013741209709945,5
35,45,75,50,OFF,50,13,100.0,30000,7204.122362912983,24.013741209709945,5
35,40,75,40,OFF,50,12,100.0,33000,7166.374852972304,21.716287433249406,6
35,40,75,40,OFF,40,12,100.0,33000,7166.374852972304,21.716287433249406,6
35,40,75,40,ON,40,10,100.0,28000,7158.846001321539,25.567307147576923,5
35,40,70,50,OFF,50,16,100.0,37000,7110.450854045024,19.217434740662227,6
35,40,70,50,OFF,40,16,100.0,37000,7110.450854045024,19.217434740662227,6
40,45,70,40,ON,40,14,100.0,40000,7098.807563627015,17.74701890906754,9
40,45,65,40,ON,40,15,100.0,40000,7013.481996044716,17.53370499011179,9
35,45,75,50,ON,40,10,100.0,26000,6986.515060919284,26.87121177276648,5
30,35,80,50,OFF,40,7,100.0,16000,6910.465185553121,43.19040740970701,5
30,35,80,50,OFF,50,7,100.0,16000,6910.465185553121,43.19040740970701,5
35,40,70,50,ON,50,14,100.0,33000,6894.556575020759,20.892595681881087,5
40,45,70,40,ON,50,14,100.0,39000,6853.003356974232,17.571803479421106,8
35,45,75,45,OFF,40,13,100.0,30000,6812.575326994643,22.708584423315475,5
35,45,75,45,OFF,50,13,100.0,30000,6812.575326994643,22.708584423315475,5
40,45,65,40,ON,50,15,100.0,39000,6767.6777893919325,17.353019972799828,8
35,45,75,45,ON,40,10,100.0,26000,6746.824996880865,25.94932691108025,5
30,35,80,45,OFF,40,7,100.0,16000,6743.627644520697,42.14767277825435,5
30,35,80,45,OFF,50,7,100.0,16000,6743.627644520697,42.14767277825435,5
35,40,70,50,ON,40,14,100.0,32000,6704.190975268342,20.95059679771357,5
35,45,75,45,ON,50,10,100.0,26000,6671.923284533678,25.66124340205261,5
35,40,70,40,ON,50,12,100.0,29000,6654.593674285298,22.946874738914822,5
35,40,65,45,OFF,50,18,100.0,37000,6563.0683397859975,17.738022539962156,4
35,40,65,45,OFF,40,18,100.0,37000,6563.0683397859975,17.738022539962156,4
35,40,70,40,OFF,40,14,100.0,33000,6545.285888897421,19.834199663325517,6
35,40,70,40,OFF,50,14,100.0,33000,6545.285888897421,19.834199663325517,6
35,40,70,40,ON,40,12,100.0,28000,6537.757037246657,23.34913227588092,5
30,35,80,55,OFF,40,7,100.0,16000,6391.025812945106,39.943911330906914,5
30,35,80,55,OFF,50,7,100.0,16000,6391.025812945106,39.943911330906914,5
35,40,75,55,ON,50,12,100.0,33000,6315.9402015110745,19.13921273185174,5
30,35,80,45,ON,40,6,100.0,14000,6312.523266317361,45.089451902266866,5
30,35,80,45,ON,50,6,100.0,14000,6207.139877131646,44.33671340808319,5
35,45,75,50,ON,50,11,100.0,26000,6197.0204832490945,23.834694166342672,4
30,35,80,40,OFF,40,7,100.0,16000,6176.90098864545,38.60563117903406,5
30,35,80,40,OFF,50,7,100.0,16000,6176.90098864545,38.60563117903406,5
35,45,70,50,ON,40,12,100.0,26000,6158.1353979529185,23.685136145972763,5
35,40,75,55,ON,40,12,100.0,32000,6116.133262617638,19.11291644568012,5
30,40,80,50,OFF,50,7,100.0,14000,6094.615560031823,43.5329682859416,5
30,40,80,50,OFF,40,7,100.0,14000,6094.615560031823,43.5329682859416,5
35,45,75,55,OFF,50,13,100.0,30000,6091.457110718609,20.3048570357287,5
35,45,75,55,OFF,40,13,100.0,30000,6091.457110718609,20.3048570357287,5
35,45,70,45,OFF,40,16,100.0,30000,6083.903474411093,20.279678248036976,5
35,45,70,45,OFF,50,16,100.0,30000,6083.903474411093,20.279678248036976,5
40,45,65,55,OFF,50,24,100.0,55000,6068.862439765184,11.034295345027607,6
40,45,65,55,OFF,40,24,100.0,55000,6068.862439765184,11.034295345027607,6
40,45,65,50,ON,40,19,100.0,43000,6061.90362881558,14.097450299571118,5
30,40,80,45,OFF,50,7,100.0,14000,6021.663479248499,43.01188199463214,5
30,40,80,45,OFF,40,7,100.0,14000,6021.663479248499,43.01188199463214,5
35,45,70,45,ON,40,12,100.0,26000,6004.0796747020295,23.092614133469343,5
35,45,70,45,ON,50,12,100.0,26000,5929.177962354841,22.804530624441696,5
30,45,80,45,OFF,50,7,100.0,13000,5892.639688898911,45.3279976069147,5
30,45,80,45,OFF,40,7,100.0,13000,5892.639688898911,45.3279976069147,5
30,45,80,50,OFF,40,7,100.0,13000,5881.456182208838,45.241970632375676,5
30,45,80,50,OFF,50,7,100.0,13000,5881.456182208838,45.241970632375676,5
35,40,70,55,OFF,50,16,100.0,37000,5835.759153683091,15.772322036981329,6
35,40,70,55,OFF,40,16,100.0,37000,5835.759153683091,15.772322036981329,6
30,35,80,40,ON,40,6,100.0,14000,5795.449734310042,41.396069530786015,5
40,45,70,55,ON,50,16,100.0,42000,5721.875656061324,13.623513466812675,7
30,35,80,40,ON,50,6,100.0,14000,5691.742381157599,40.65530272255428,5
35,45,75,40,ON,40,9,100.0,23000,5670.070930811002,24.65248230787392,5
35,45,75,55,ON,40,10,100.0,26000,5604.714188427726,21.55659303241433,5
35,45,75,40,ON,50,9,100.0,23000,5589.485007985485,24.302108730371675,5
30,40,80,55,OFF,50,7,100.0,14000,5551.157282905982,39.651123449328445,5
30,40,80,55,OFF,40,7,100.0,14000,5551.157282905982,39.651123449328445,5
30,40,80,40,OFF,40,7,100.0,14000,5549.425863058155,39.638756164701114,5
30,40,80,40,OFF,50,7,100.0,14000,5549.425863058155,39.638756164701114,5
35,45,75,40,OFF,50,12,100.0,27000,5510.001599773209,20.407413332493366,5
35,45,75,40,OFF,40,12,100.0,27000,5510.001599773209,20.407413332493366,5
35,45,70,50,OFF,50,16,100.0,30000,5477.751700128428,18.259172333761427,5
35,45,70,50,OFF,40,16,100.0,30000,5477.751700128428,18.259172333761427,5
30,35,75,45,ON,40,8,100.0,17000,5467.775556398907,32.163385625875925,3
30,40,80,45,ON,50,6,100.0,13000,5450.172378656156,41.92440291273966,5
30,45,80,40,OFF,40,7,100.0,13000,5421.960046999564,41.70738497691972,5
30,45,80,40,OFF,50,7,100.0,13000,5421.960046999564,41.70738497691972,5
35,45,65,45,ON,40,14,100.0,26000,5401.495180142383,20.77498146208609,3
30,35,75,45,ON,50,8,100.0,17000,5387.334992260066,31.69020583682392,3
35,45,70,50,ON,50,13,100.0,26000,5368.640820282731,20.648618539548963,4
30,35,75,50,OFF,50,10,100.0,19000,5337.4377360289745,28.09177755804723,3
30,35,75,50,OFF,40,10,100.0,19000,5337.4377360289745,28.09177755804723,3
35,40,65,45,ON,50,15,100.0,33000,5337.087797732849,16.172993326463178,4
30,45,80,55,OFF,50,7,100.0,13000,5335.358761286714,41.04122124066703,5
30,45,80,55,OFF,40,7,100.0,13000,5335.358761286714,41.04122124066703,5
35,40,65,40,OFF,40,15,100.0,33000,5296.7154638382635,16.050652920722012,6
35,40,65,40,OFF,50,15,100.0,33000,5296.7154638382635,16.050652920722012,6
30,35,80,50,ON,40,7,100.0,14000,5256.205722942603,37.54432659244716,5
35,40,65,50,OFF,40,18,100.0,37000,5239.385835332986,14.160502257656718,4
35,40,65,50,OFF,50,18,100.0,37000,5239.385835332986,14.160502257656718,4
40,45,65,50,ON,50,20,100.0,42000,5233.928741776053,12.461735099466793,5
35,40,65,45,ON,40,15,100.0,32000,5203.968189795861,16.262400593112066,4
35,45,65,45,OFF,50,18,100.0,30000,5191.713258329456,17.305710861098188,3
35,45,65,45,OFF,40,18,100.0,30000,5191.713258329456,17.305710861098188,3
30,35,80,50,ON,50,7,100.0,14000,5160.257084046862,36.858979171763295,5
30,35,75,45,OFF,40,10,100.0,19000,5065.804658891966,26.662129783641923,3
30,35,75,45,OFF,50,10,100.0,19000,5065.804658891966,26.662129783641923,3
35,45,70,40,ON,40,11,100.0,23000,5052.302781099267,21.96653383086638,5
30,40,80,40,ON,50,6,100.0,13000,5034.873468739448,38.72979591338037,5
35,40,65,50,ON,50,16,100.0,33000,5023.491556308719,15.222701685783996,4
35,45,65,45,ON,50,15,100.0,26000,5020.021300925278,19.307774234327994,3
30,40,80,45,ON,40,6,100.0,12000,4992.634885275656,41.60529071063047,4
35,45,70,40,ON,50,11,100.0,23000,4971.7168582737495,21.61616025336413,5
35,45,65,40,ON,40,12,100.0,23000,4966.977213516967,21.595553102247685,5
35,40,70,55,ON,40,14,100.0,32000,4962.995965963737,15.509362393636678,5
30,35,70,45,ON,40,9,100.0,17000,4942.941281680085,29.07612518635344,3
35,45,65,40,ON,50,12,100.0,23000,4886.391290691449,21.24517952474543,5
35,45,70,55,ON,40,12,100.0,26000,4882.256556075454,18.77790983105944,5
30,35,70,45,ON,50,9,100.0,17000,4862.500717541245,28.60294539730144,3
30,35,75,55,OFF,40,10,100.0,19000,4836.663940068232,25.456126000359113,3
30,35,75,55,OFF,50,10,100.0,19000,4836.663940068232,25.456126000359113,3
35,40,65,50,ON,40,16,100.0,32000,4833.125956556303,15.103518614238448,4
35,45,70,40,OFF,50,15,100.0,27000,4824.9740085234525,17.870274105642416,5
35,45,70,40,OFF,40,15,100.0,27000,4824.9740085234525,17.870274105642416,5
35,45,75,55,ON,50,11,100.0,26000,4785.573762844343,18.406052934016703,4
35,40,70,55,ON,50,15,100.0,33000,4781.85725258995,14.490476522999849,5
35,40,65,55,OFF,50,18,100.0,37000,4719.8583906098775,12.756374028675344,4
35,40,65,55,OFF,40,18,100.0,37000,4719.8583906098775,12.756374028675344,4
30,35,80,55,ON,40,7,100.0,14000,4711.96354808428,33.656882486316285,5
30,40,75,45,ON,50,8,100.0,16000,4682.640834700261,29.26650521687663,3
30,35,80,55,ON,50,7,100.0,14000,4615.804895365786,32.97003496689847,5
30,40,75,45,ON,40,8,100.0,15000,4610.975236158076,30.739834907720503,3
30,40,80,40,ON,40,6,100.0,12000,4610.246647262978,38.418722060524814,4
30,35,70,45,OFF,40,12,100.0,19000,4554.453330055772,23.97080700029354,3
30,35,70,45,OFF,50,12,100.0,19000,4554.453330055772,23.97080700029354,3
30,35,75,40,ON,40,7,100.0,14000,4545.164341114973,32.465459579392665,3
30,40,75,50,OFF,50,10,100.0,17000,4537.635333246525,26.691972548508968,3
30,40,75,50,OFF,40,10,100.0,17000,4537.635333246525,26.691972548508968,3
35,45,70,55,OFF,40,16,100.0,30000,4477.068148916637,14.923560496388792,5
35,45,70,55,OFF,50,16,100.0,30000,4477.068148916637,14.923560496388792,5
30,35,75,40,ON,50,7,100.0,14000,4459.039566497804,31.850282617841458,3
30,40,80,50,ON,50,7,100.0,13000,4414.878136295767,33.96060104842898,5
30,40,75,45,OFF,40,10,100.0,17000,4363.119067189875,25.6654062775875,3
30,40,75,45,OFF,50,10,100.0,17000,4363.119067189875,25.6654062775875,3
30,40,70,45,ON,50,9,100.0,16000,4355.0522686462955,27.219076679039343,3
30,45,80,50,ON,40,6,100.0,11000,4328.76012951041,39.35236481373099,4
30,35,75,50,ON,40,9,100.0,17000,4301.398885374331,25.30234638455489,3
35,40,65,40,ON,50,13,100.0,29000,4301.146322885707,14.831539044433473,5
30,40,70,45,ON,40,9,100.0,15000,4283.3866701041115,28.55591113402741,3
30,45,80,45,ON,40,6,100.0,11000,4266.05441274335,38.78231284312137,4
40,45,65,55,ON,40,19,100.0,43000,4240.337016582804,9.861248875773962,5
30,45,75,50,OFF,50,10,100.0,16000,4238.511463240332,26.490696645252076,3
30,45,75,50,OFF,40,10,100.0,16000,4238.511463240332,26.490696645252076,3
30,35,75,50,ON,50,9,100.0,17000,4227.512862751337,24.867722722066688,3
35,45,65,50,OFF,40,18,100.0,30000,4217.609136530275,14.058697121767583,3
35,45,65,50,OFF,50,18,100.0,30000,4217.609136530275,14.058697121767583,3
40,45,65,55,ON,50,20,100.0,42000,4197.286968796882,9.993540401897338,5
35,40,65,40,ON,40,13,100.0,28000,4173.710925427046,14.906110447953736,5
30,35,70,40,ON,40,8,100.0,14000,4159.932323901967,29.713802313585475,3
35,45,65,40,OFF,50,16,100.0,27000,4158.803682811661,15.402976603006152,5
35,45,65,40,OFF,40,16,100.0,27000,4158.803682811661,15.402976603006152,5
30,45,75,45,OFF,40,10,100.0,16000,4138.377743984674,25.864860899904212,3
30,45,75,45,OFF,50,10,100.0,16000,4138.377743984674,25.864860899904212,3
30,45,80,50,ON,50,6,100.0,11000,4105.477153940148,37.32251958127407,4
30,35,70,40,ON,50,8,100.0,14000,4073.807549284798,29.09862535203427,3
30,40,70,45,OFF,40,12,100.0,17000,4049.013447018539,23.81772615893258,3
30,40,70,45,OFF,50,12,100.0,17000,4049.013447018539,23.81772615893258,3
30,45,80,45,ON,50,6,100.0,11000,4045.5422149732267,36.7776564997566,4
30,40,75,55,OFF,50,10,100.0,17000,4012.6015021954568,23.60353824820857,3
30,40,75,55,OFF,40,10,100.0,17000,4012.6015021954568,23.60353824820857,3
30,35,75,40,OFF,50,9,100.0,16000,3947.084601173831,24.669278757336443,3
30,35,75,40,OFF,40,9,100.0,16000,3947.084601173831,24.669278757336443,3
30,40,80,50,ON,40,7,100.0,12000,3937.3232942671457,32.81102745222621,4
30,45,80,40,ON,40,6,100.0,11000,3885.0455856167864,35.31859623287988,4
30,40,80,55,ON,50,7,100.0,13000,3860.6037304190068,29.6969517724539,5
35,45,70,55,ON,50,13,100.0,26000,3855.6374077518376,14.829374645199374,4
35,40,65,55,ON,40,16,100.0,32000,3847.095202890523,12.022172509032885,4
30,40,75,40,ON,50,7,100.0,13000,3846.860609195601,29.591235455350773,3
30,35,70,50,OFF,40,12,100.0,19000,3842.5210406759425,20.223794950926013,3
30,35,70,50,OFF,50,12,100.0,19000,3842.5210406759425,20.223794950926013,3
35,45,65,50,ON,40,15,100.0,26000,3827.714034795856,14.72197705690714,3
30,45,70,45,OFF,50,12,100.0,16000,3826.7858497253287,23.917411560783304,3
30,45,70,45,OFF,40,12,100.0,16000,3826.7858497253287,23.917411560783304,3
30,45,75,45,ON,40,8,100.0,14000,3815.081747001786,27.25058390715561,3
30,40,75,40,ON,40,7,100.0,12000,3780.8792211317445,31.507326842764538,3
30,35,75,55,ON,40,9,100.0,17000,3776.4834921677234,22.214608777457194,3
30,45,75,50,ON,40,8,100.0,14000,3715.0910616260885,26.53636472590063,3
30,45,75,55,OFF,50,10,100.0,16000,3710.6561181891107,23.19160073868194,3
30,45,75,55,OFF,40,10,100.0,16000,3710.6561181891107,23.19160073868194,3
30,35,75,55,ON,50,9,100.0,17000,3701.949882591144,21.776175779947906,3
35,45,65,55,OFF,50,18,100.0,30000,3675.313601144541,12.251045337148469,3
35,45,65,55,OFF,40,18,100.0,30000,3675.313601144541,12.251045337148469,3
30,45,80,40,ON,50,6,100.0,11000,3668.757170552268,33.35233791411152,4
35,40,65,55,ON,50,17,100.0,33000,3665.956489516736,11.108959059141624,4
30,45,75,45,ON,50,8,100.0,14000,3635.3938198356886,25.967098713112062,3
30,35,65,45,OFF,40,12,100.0,19000,3623.1646095332553,19.069287418596083,3
30,35,65,45,OFF,50,12,100.0,19000,3623.1646095332553,19.069287418596083,3
30,40,70,40,ON,50,8,100.0,13000,3588.999736079602,27.6076902775354,3
35,45,65,50,ON,50,15,100.0,26000,3569.6368345751234,13.72937244067355,3
30,35,70,40,OFF,40,10,100.0,16000,3561.852583960825,22.261578649755158,3
30,35,70,40,OFF,50,10,100.0,16000,3561.852583960825,22.261578649755158,3
30,45,75,50,ON,50,8,100.0,14000,3526.135361927339,25.18668115662385,3
30,40,75,50,ON,50,9,100.0,16000,3523.6663887465147,22.022914929665717,3
30,40,70,40,ON,40,8,100.0,12000,3523.018348015747,29.35848623346456,3
30,45,80,55,ON,40,6,100.0,11000,3492.8354108178464,31.75304918925315,4
30,45,70,45,ON,40,9,100.0,14000,3489.4163831471537,24.924402736765384,3
30,35,70,55,OFF,50,12,100.0,19000,3412.9140527033796,17.962705540544103,3
30,35,70,55,OFF,40,12,100.0,19000,3412.9140527033796,17.962705540544103,3
30,35,70,50,ON,40,11,100.0,17000,3409.0860151173856,20.053447147749324,3
30,40,75,50,ON,40,9,100.0,15000,3386.7212988751726,22.57814199250115,3
30,40,80,55,ON,40,7,100.0,12000,3383.2589022131383,28.193824185109484,4
30,45,70,50,ON,40,9,100.0,14000,3338.0419283249325,23.843156630892377,3
30,40,75,40,OFF,50,9,100.0,14000,3336.9142097293425,23.83510149806673,3
30,40,75,40,OFF,40,9,100.0,14000,3336.9142097293425,23.83510149806673,3
30,45,70,45,ON,50,9,100.0,14000,3309.7284559810564,23.64091754272183,3
30,45,80,55,ON,50,6,100.0,11000,3274.9425668272693,29.77220515297517,4
30,45,65,45,ON,40,9,100.0,14000,3251.158093696431,23.222557812117365,3
30,40,70,50,OFF,50,12,100.0,17000,3248.987667594874,19.11169216232279,3
30,40,70,50,OFF,40,12,100.0,17000,3248.987667594874,19.11169216232279,3
30,40,65,45,OFF,50,12,100.0,17000,3210.9456979774327,18.887915870455487,3
30,40,65,45,OFF,40,12,100.0,17000,3210.9456979774327,18.887915870455487,3
30,45,75,40,OFF,40,9,100.0,13000,3210.1162941048883,24.693202262345295,3
30,45,75,40,OFF,50,9,100.0,13000,3210.1162941048883,24.693202262345295,3
30,35,70,50,ON,50,12,100.0,17000,3169.644719405131,18.64496893767724,2
30,45,70,50,ON,50,9,100.0,14000,3149.086228626182,22.49347306161559,3
30,40,70,40,OFF,50,10,100.0,14000,3079.053336613345,21.99323811866675,2
30,40,70,40,OFF,40,10,100.0,14000,3079.053336613345,21.99323811866675,2
30,45,65,45,ON,50,9,100.0,14000,3071.4701665303337,21.939072618073812,3
30,45,75,40,ON,40,7,100.0,11000,3058.1506138312466,27.801369216647696,3
30,40,70,50,ON,40,10,100.0,15000,3007.7489633746827,20.05165975583122,3
30,45,65,45,OFF,50,12,100.0,16000,3007.6828021451147,18.79801751340697,3
30,45,65,45,OFF,40,12,100.0,16000,3007.6828021451147,18.79801751340697,3
30,40,75,55,ON,50,9,100.0,16000,2988.032776042774,18.67520485026734,3
30,45,70,50,OFF,50,12,100.0,16000,2963.4713301209854,18.52169581325616,3
30,45,70,50,OFF,40,12,100.0,16000,2963.4713301209854,18.52169581325616,3
30,45,75,55,ON,40,8,100.0,14000,2888.5497866684764,20.632498476203402,3
30,45,70,40,OFF,40,11,100.0,13000,2886.2275965523536,22.201750742710413,2
30,45,70,40,OFF,50,11,100.0,13000,2886.2275965523536,22.201750742710413,2
30,35,65,45,ON,40,9,100.0,17000,2883.5927807185362,16.962310474814917,3
30,45,75,40,ON,50,7,100.0,11000,2872.7784761868206,26.116167965334736,3
30,35,65,50,OFF,40,12,100.0,19000,2864.30145704791,15.075270826567946,3
30,35,65,50,OFF,50,12,100.0,19000,2864.30145704791,15.075270826567946,3
30,40,75,55,ON,40,9,100.0,15000,2842.040350556116,18.946935670374106,3
35,45,65,55,ON,40,15,100.0,26000,2834.4956270536795,10.901906257898768,3
30,35,65,45,ON,50,9,100.0,17000,2813.750976999716,16.55147633529245,3
30,45,70,40,ON,40,8,100.0,11000,2801.521357816733,25.468375980152118,2
30,35,65,55,OFF,40,12,100.0,19000,2798.684488104226,14.729918358443294,3
30,35,65,55,OFF,50,12,100.0,19000,2798.684488104226,14.729918358443294,3
30,35,65,40,OFF,50,10,100.0,16000,2790.423582059029,17.44014738786893,3
30,35,65,40,OFF,40,10,100.0,16000,2790.423582059029,17.44014738786893,3
30,40,70,55,OFF,40,12,100.0,17000,2784.047006977644,16.376747099868496,3
30,40,70,55,OFF,50,12,100.0,17000,2784.047006977644,16.376747099868496,3
35,45,65,55,ON,50,15,100.0,26000,2778.470715214314,10.686425827747362,3
30,35,70,55,ON,40,11,100.0,17000,2734.1057648587002,16.08297508740412,3
30,45,65,40,ON,40,8,100.0,11000,2716.195790234433,24.692689002131207,2
30,45,75,55,ON,50,8,100.0,14000,2704.5466454185803,19.31819032441843,3
30,40,70,50,ON,50,12,100.0,16000,2672.0406177914488,16.700253861196554,2
30,45,70,40,ON,50,8,100.0,11000,2616.149220172307,23.783174728839157,2
30,45,65,40,ON,50,8,100.0,11000,2530.823652590007,23.007487750818246,2
30,35,70,55,ON,50,12,100.0,17000,2504.165376208472,14.730384565932189,2
30,45,70,55,OFF,50,12,100.0,16000,2495.6064010260316,15.597540006412697,3
30,45,70,55,OFF,40,12,100.0,16000,2495.6064010260316,15.597540006412697,3
30,35,65,50,ON,40,11,100.0,17000,2430.8664314893545,14.299214302878555,3
30,40,65,45,ON,50,9,100.0,16000,2412.1075932647573,15.075672457904732,3
30,40,65,40,OFF,40,10,100.0,14000,2393.9861976242937,17.099901411602097,2
30,40,65,40,OFF,50,10,100.0,14000,2393.9861976242937,17.099901411602097,2
30,40,65,50,OFF,50,12,100.0,17000,2363.989055448252,13.905817973225012,3
30,40,65,50,OFF,40,12,100.0,17000,2363.989055448252,13.905817973225012,3
30,45,70,55,ON,40,9,100.0,14000,2347.804182199253,16.770029872851804,3
30,40,65,45,ON,40,9,100.0,15000,2329.8432343025543,15.532288228683694,3
30,40,70,55,ON,40,10,100.0,15000,2299.470959813986,15.329806398759906,3
30,35,65,40,ON,40,8,100.0,14000,2260.443541561139,16.14602529686528,3
30,40,65,55,OFF,40,12,100.0,17000,2257.692983093676,13.280546959374565,3
30,40,65,55,OFF,50,12,100.0,17000,2257.692983093676,13.280546959374565,3
30,45,65,40,OFF,50,11,100.0,13000,2220.0572708405616,17.077363621850473,2
30,45,65,40,OFF,40,11,100.0,13000,2220.0572708405616,17.077363621850473,2
30,35,65,50,ON,50,12,100.0,17000,2191.4251357770995,12.890736092806469,2
30,35,65,40,ON,50,8,100.0,14000,2184.91752736399,15.606553766885641,3
30,45,70,55,ON,50,9,100.0,14000,2173.9495349649674,15.52821096403548,3
30,40,65,50,ON,40,10,100.0,15000,2122.750351228062,14.15166900818708,3
30,35,65,55,ON,40,11,100.0,17000,2119.8762002595467,12.469860001526746,3
30,45,65,50,OFF,50,12,100.0,16000,2098.1630347577993,13.113518967236246,3
30,45,65,50,OFF,40,12,100.0,16000,2098.1630347577993,13.113518967236246,3
30,40,70,55,ON,50,12,100.0,16000,1985.417217928015,12.408857612050094,2
30,45,65,55,OFF,50,12,100.0,16000,1979.714280889396,12.373214255558725,3
30,45,65,55,OFF,40,12,100.0,16000,1979.714280889396,12.373214255558725,3
30,45,65,50,ON,40,9,100.0,14000,1922.8471892706507,13.73462278050465,3
30,35,65,55,ON,50,12,100.0,17000,1889.9358116093188,11.117269480054816,2
30,40,65,40,ON,50,8,100.0,13000,1799.0556707501196,13.83888977500092,3
30,40,65,50,ON,50,12,100.0,16000,1787.0420056448277,11.169012535280173,2
30,40,65,55,ON,40,10,100.0,15000,1773.1169359300181,11.820779572866789,3
30,45,65,50,ON,50,9,100.0,14000,1744.9165111535438,12.463689365382455,3
30,40,65,40,ON,40,8,100.0,12000,1722.475522266245,14.353962685552041,3
30,45,65,55,ON,40,9,100.0,14000,1550.8650272952318,11.077607337823084,3
30,40,65,55,ON,50,12,100.0,16000,1459.0631940440471,9.119144962775295,2
30,45,65,55,ON,50,9,100.0,14000,1382.6452700629047,9.876037643306462,3
